model,split,n,cer_micro,wer_micro,cer_median,recorded_errors,status
Surya OCR 2 base (Transformers),mozhi-test,9233,0.10032231210911652,0.20949750345267185,0.0,,measured
Round 2b,mozhi-test,9233,0.0049947704326666524,0.012535854669074684,0.0,,measured
Round 3,mozhi-test,9233,0.00646758735511964,0.015191756082014236,0.0,,measured
Surya OCR 2 base (Transformers),reid2019,51,0.18401190880363533,0.3026848105921295,0.08417508417508418,1,measured
Surya OCR 2 base (Transformers),modern90,90,0.06994288011006593,0.0804839312406577,0.015967948456507224,2,diagnostic_contaminated_set
Surya OCR 2 base (Transformers),modern52,52,0.10783429040196883,0.12461215932914047,0.02308066083576288,2,measured
Round 2b,reid2019,51,0.282912433731164,0.39187201176903275,0.08571428571428572,1,measured
Round 2b,modern90,90,0.08336103016764958,0.09356315396113603,0.009068711561361863,0,training_overlap
Round 2b,modern52,52,0.1242958709324583,0.1410482180293501,0.009747628715561122,0,training_overlap
Round 3,reid2019,51,0.33109608001880336,0.4106289076866495,0.11386138613861387,5,measured
Round 3,modern90,90,0.053564389342773445,0.06147234678624813,0.009544457678494569,0,training_overlap
Round 3,modern52,52,0.07485643970467597,0.08712788259958071,0.017511520737327188,0,measured
bbOCR / APSIS-Net,mozhi-test,9233,0.012785758500715063,0.02358440454690322,0.0,0,measured
bbOCR / APSIS-Net,reid2019,51,0.3291373952103627,0.5577418168444281,0.25678820791311097,1,measured
bbOCR / APSIS-Net,modern90,90,0.1637385315782558,0.21683482810164426,0.10329887452694407,0,diagnostic_contaminated_set
bbOCR / APSIS-Net,modern52,52,0.15965272080940662,0.2410062893081761,0.1437436892783377,0,measured
EasyOCR Bengali,mozhi-test,9233,0.42918738927191613,0.6904281313077658,0.4,0,measured
EasyOCR Bengali,reid2019,51,0.28703872972761224,0.6024273630011033,0.22354211663066956,1,measured
EasyOCR Bengali,modern90,90,0.12806758542863106,0.156109865470852,0.095148115028672,0,diagnostic_contaminated_set
EasyOCR Bengali,modern52,52,0.14917965545529122,0.19631027253668762,0.12208251995320751,0,measured
Tesseract ben,mozhi-test,9233,0.19471066618284275,0.4107085944969723,0.0,0,measured
Tesseract ben,reid2019,51,0.3066255778120185,0.6151158514159617,0.29292929292929293,1,measured
Tesseract ben,modern90,90,0.1376442489777936,0.16680680119581465,0.10918651794834827,0,diagnostic_contaminated_set
Tesseract ben,modern52,52,0.11707683893902106,0.15790356394129978,0.08282227656842342,0,measured
Surya OCR 2 official pipeline (llamacpp),mozhi-test,9233,0.1342184464983244,0.2697333474981409,0.0,0,measured
Surya OCR 2 official pipeline (llamacpp),reid2019,51,0.15713875323182994,0.28815741081279883,0.0872210953346856,1,measured
Third-party Bengali CRNN via EasyOCR,mozhi-test,9233,0.9401694806719461,0.9994688197174121,1.0,0,diagnostic_unvalidated
Third-party Bengali CRNN via EasyOCR,reid2019,51,0.8989057480870178,0.9942993747701361,0.9046242774566474,1,diagnostic_unvalidated
